session,accuracy,f1
1,0.6142456982793117,0.5897194670009265
2,0.6542617046818727,0.6542537323112443
3,0.6552621048419368,0.6527033856277331
